{
  "IcoMoonType": "selection",
  "icons": [
    {
      "icon": {
        "paths": [
          "M934.176 168.48c-116.128-115.072-301.824-117.472-422.112-9.216-120.32-108.256-305.952-105.856-422.144 9.216-119.712 118.528-119.712 310.688 0 429.28 34.208 33.888 353.696 350.112 353.696 350.112 37.856 37.504 99.072 37.504 136.896 0 0 0 349.824-346.304 353.696-350.112 119.744-118.592 119.744-310.752-0.032-429.28zM888.576 552.576l-353.696 350.112c-12.576 12.512-33.088 12.512-45.6 0l-353.696-350.112c-94.4-93.44-94.4-245.472 0-338.912 91.008-90.080 237.312-93.248 333.088-7.104l43.392 39.040 43.36-39.040c95.808-86.144 242.112-83.008 333.12 7.104 94.4 93.408 94.4 245.44 0.032 338.912zM296.096 240.032c8.864 0 16 7.168 16 16s-7.168 16-16 16h-0.032c-57.408 0-103.968 46.56-103.968 103.968v0.032c0 8.832-7.168 16-16 16s-16-7.168-16-16v0c0-75.072 60.832-135.904 135.872-135.968 0.064 0 0.064-0.032 0.128-0.032z"
        ],
        "attrs": [],
        "isMulticolor": false,
        "isMulticolor2": false,
        "tags": [
          "heart",
          "love",
          "like"
        ],
        "grid": 32
      },
      "attrs": [],
      "properties": {
        "id": 1,
        "order": 42,
        "prevSize": 32,
        "name": "heart"
      },
      "setIdx": 0,
      "setId": 4,
      "iconIdx": 0
    },
    {
      "icon": {
        "paths": [
          "M512 32l-512 512 96 96 96-96v416h256v-192h128v192h256v-416l96 96 96-96-512-512zM512 448c-35.346 0-64-28.654-64-64s28.654-64 64-64c35.346 0 64 28.654 64 64s-28.654 64-64 64z"
        ],
        "attrs": [],
        "isMulticolor": false,
        "isMulticolor2": false,
        "tags": [
          "home",
          "house"
        ],
        "defaultCode": 59649,
        "grid": 16
      },
      "attrs": [],
      "properties": {
        "ligatures": "home2, house2",
        "name": "home2",
        "id": 1,
        "order": 43,
        "prevSize": 32
      },
      "setIdx": 2,
      "setId": 2,
      "iconIdx": 1
    },
    {
      "icon": {
        "paths": [
          "M981.188 160.108c-143.632-20.65-302.332-32.108-469.186-32.108-166.86 0-325.556 11.458-469.194 32.108-27.53 107.726-42.808 226.75-42.808 351.892 0 125.14 15.278 244.166 42.808 351.89 143.638 20.652 302.336 32.11 469.194 32.11 166.854 0 325.552-11.458 469.186-32.11 27.532-107.724 42.812-226.75 42.812-351.89 0-125.142-15.28-244.166-42.812-351.892zM384.002 704v-384l320 192-320 192z"
        ],
        "attrs": [],
        "isMulticolor": false,
        "isMulticolor2": false,
        "tags": [
          "play",
          "video",
          "movie"
        ],
        "defaultCode": 59666,
        "grid": 16
      },
      "attrs": [],
      "properties": {
        "ligatures": "play, video",
        "name": "play",
        "id": 18,
        "order": 44,
        "prevSize": 32
      },
      "setIdx": 2,
      "setId": 2,
      "iconIdx": 18
    }
  ],
  "height": 1024,
  "preferences": {
    "showGlyphs": true,
    "showQuickUse": true,
    "showQuickUse2": true,
    "showSVGs": true,
    "fontPref": {
      "prefix": "icon-",
      "metadata": {
        "fontFamily": "icomoon"
      },
      "metrics": {
        "emSize": 1024,
        "baseline": 6.25,
        "whitespace": 50
      },
      "embed": false
    },
    "imagePref": {
      "prefix": "icon-",
      "png": true,
      "useClassSelector": true,
      "color": 0,
      "bgColor": 16777215,
      "classSelector": ".icon",
      "name": "icomoon",
      "height": 32,
      "columns": 16,
      "margin": 16,
      "addTitleTags": true
    },
    "historySize": 50,
    "showCodes": true,
    "gridSize": 16
  }
}